<?xml version="1.0" encoding="UTF-8" ?>
<XMLDB PATH="mod/rcommon/db" COMMENT="" VERSION="20101105" xmlns:xsi="http://www.w3.org/2001/XMLSchema-instance" xsi:noNamespaceSchemaLocation="../../../lib/xmldb/xmldb.xsd">

<!--rcommon_books
id
ISBN
name
summary
timecreated
timemodified
-->
<TABLES>

<TABLE NAME="rcommon_books" COMMENT="" NEXT="rcommon_books_units">
<FIELDS>
      <FIELD NAME="id" TYPE="int" LENGTH="10" NOTNULL="true" UNSIGNED="true" SEQUENCE="true" ENUM="false" NEXT="isbn" COMMENT=""/>
      <FIELD NAME="isbn" TYPE="char" LENGTH="100" NOTNULL="true" UNSIGNED="true" SEQUENCE="false" ENUM="false" NEXT="name" PREVIOUS="id" COMMENT=""/>
      <FIELD NAME="name" TYPE="char" LENGTH="255" NOTNULL="true" UNSIGNED="true" SEQUENCE="false" ENUM="false" NEXT="summary" PREVIOUS="isbn" COMMENT=""/>
      <FIELD NAME="summary" TYPE="char" LENGTH="1024" NOTNULL="true" UNSIGNED="true" SEQUENCE="false" ENUM="false" PREVIOUS="name" NEXT="levelid" COMMENT=""/>
      <FIELD NAME="levelid" TYPE="int" LENGTH="10" NOTNULL="true" UNSIGNED="true" DEFAULT="0" SEQUENCE="false" ENUM="false" PREVIOUS="summary" NEXT="format" COMMENT=""/>
      <FIELD NAME="format" TYPE="char" LENGTH="255" NOTNULL="true" UNSIGNED="true" SEQUENCE="false" ENUM="false" NEXT="publisherid" PREVIOUS="levelid" COMMENT=""/>
      <FIELD NAME="publisherid" TYPE="int" LENGTH="10" NOTNULL="true" UNSIGNED="true" DEFAULT="0" SEQUENCE="false" ENUM="false" PREVIOUS="format" NEXT="structureforaccess" COMMENT=""/>
      <FIELD NAME="structureforaccess" TYPE="int" LENGTH="1" NOTNULL="true" UNSIGNED="true" DEFAULT="1" SEQUENCE="false" ENUM="false" PREVIOUS="publisherid" NEXT="timecreated" COMMENT=""/>
      <FIELD NAME="timecreated" TYPE="int" LENGTH="10" NOTNULL="true" UNSIGNED="true" DEFAULT="0" SEQUENCE="false" ENUM="false" PREVIOUS="structureforaccess" NEXT="timemodified" COMMENT=""/>
      <FIELD NAME="timemodified" TYPE="int" LENGTH="10" NOTNULL="true" UNSIGNED="true" DEFAULT="0" SEQUENCE="false" ENUM="false" PREVIOUS="timecreated" COMMENT=""/>
</FIELDS>
<KEYS>
	<KEY NAME="primary" TYPE="primary" FIELDS="id" />
</KEYS>
</TABLE>

<!--rcommon_books_units
id
bookid
code
name
summary
sortorder
timecreated
timemodified
-->

<TABLE NAME="rcommon_books_units" COMMENT="" NEXT="rcommon_books_activities" PREVIOUS="rcommon_books">
<FIELDS>
      <FIELD NAME="id" TYPE="int" LENGTH="10" NOTNULL="true" UNSIGNED="true" SEQUENCE="true" ENUM="false" NEXT="bookid" COMMENT=""/>
      <FIELD NAME="bookid" TYPE="int" LENGTH="10" NOTNULL="true" UNSIGNED="true" SEQUENCE="false" ENUM="false" NEXT="code" PREVIOUS="id" COMMENT=""/>
      <FIELD NAME="code" TYPE="char" LENGTH="100" NOTNULL="true" UNSIGNED="true" SEQUENCE="false" ENUM="false" NEXT="name" PREVIOUS="bookid" COMMENT=""/>
      <FIELD NAME="name" TYPE="char" LENGTH="255" NOTNULL="true" UNSIGNED="true" SEQUENCE="false" ENUM="false" NEXT="summary" PREVIOUS="code" COMMENT=""/>
      <FIELD NAME="summary" TYPE="char" LENGTH="1024" NOTNULL="true" UNSIGNED="true" SEQUENCE="false" ENUM="false" PREVIOUS="name" NEXT="sortorder" COMMENT=""/>
 	  <FIELD NAME="sortorder" TYPE="int" LENGTH="10" NOTNULL="true" UNSIGNED="true" SEQUENCE="false" ENUM="false"  PREVIOUS="summary" NEXT="timecreated" COMMENT=""/>
      <FIELD NAME="timecreated" TYPE="int" LENGTH="10" NOTNULL="true" UNSIGNED="true" DEFAULT="0" SEQUENCE="false" ENUM="false" PREVIOUS="sortorder" NEXT="timemodified" COMMENT=""/>
      <FIELD NAME="timemodified" TYPE="int" LENGTH="10" NOTNULL="true" UNSIGNED="true" DEFAULT="0" SEQUENCE="false" ENUM="false" PREVIOUS="timecreated" COMMENT=""/>
</FIELDS>
<KEYS>
	<KEY NAME="primary" TYPE="primary" FIELDS="id" />
</KEYS>
</TABLE>

<!--rcommon_books_activities
id
bookid
unitid
code
name
summary
sortorder
timecreated
timemodified
-->

<TABLE NAME="rcommon_books_activities" COMMENT="" NEXT="rcommon_user_credentials" PREVIOUS="rcommon_books_units">
      <FIELDS>
      <FIELD NAME="id" TYPE="int" LENGTH="10" NOTNULL="true" UNSIGNED="true" SEQUENCE="true" ENUM="false" NEXT="bookid" COMMENT=""/>
      <FIELD NAME="bookid" TYPE="int" LENGTH="10" NOTNULL="true" UNSIGNED="true" SEQUENCE="false" ENUM="false" NEXT="unitid" PREVIOUS="id" COMMENT=""/>
      <FIELD NAME="unitid" TYPE="int" LENGTH="10" NOTNULL="true" UNSIGNED="true" SEQUENCE="false" ENUM="false" NEXT="code" PREVIOUS="bookid" COMMENT=""/>
      <FIELD NAME="code" TYPE="char" LENGTH="100" NOTNULL="true" UNSIGNED="true" SEQUENCE="false" ENUM="false" NEXT="name" PREVIOUS="unitid" COMMENT=""/>
      <FIELD NAME="name" TYPE="char" LENGTH="255" NOTNULL="true" UNSIGNED="true" SEQUENCE="false" ENUM="false" NEXT="summary" PREVIOUS="code" COMMENT=""/>
      <FIELD NAME="summary" TYPE="char" LENGTH="1024" NOTNULL="true" UNSIGNED="true" SEQUENCE="false" ENUM="false" PREVIOUS="name" NEXT="sortorder" COMMENT=""/>
      <FIELD NAME="sortorder" TYPE="int" LENGTH="10" NOTNULL="true" UNSIGNED="true" SEQUENCE="false" ENUM="false"  PREVIOUS="summary" NEXT="timecreated" COMMENT=""/>
      <FIELD NAME="timecreated" TYPE="int" LENGTH="10" NOTNULL="true" UNSIGNED="true" DEFAULT="0" SEQUENCE="false" ENUM="false" PREVIOUS="sortorder" NEXT="timemodified" COMMENT=""/>
      <FIELD NAME="timemodified" TYPE="int" LENGTH="10" NOTNULL="true" UNSIGNED="true" DEFAULT="0" SEQUENCE="false" ENUM="false" PREVIOUS="timecreated" COMMENT=""/>
</FIELDS>
<KEYS>
	<KEY NAME="primary" TYPE="primary" FIELDS="id" />
</KEYS>
</TABLE>


<!--rcommon_user_credentials
id
euserid
isbn
credentials
urlwsauthentication
timecreated
timemodified
-->
<TABLE NAME="rcommon_user_credentials" COMMENT="" NEXT="rcommon_errors_log" PREVIOUS="rcommon_books_activities">
      <FIELDS>
      <FIELD NAME="id" TYPE="int" LENGTH="10" NOTNULL="true" UNSIGNED="true" SEQUENCE="true" ENUM="false" NEXT="euserid" COMMENT=""/>
      <FIELD NAME="euserid" TYPE="int" LENGTH="10" NOTNULL="true" UNSIGNED="true" SEQUENCE="false" ENUM="false" NEXT="isbn" PREVIOUS="id" COMMENT=""/>
      <FIELD NAME="isbn" TYPE="char" LENGTH="100" NOTNULL="true" UNSIGNED="true" SEQUENCE="false" ENUM="false" NEXT="credentials" PREVIOUS="euserid" COMMENT=""/>
      <FIELD NAME="credentials" TYPE="char" LENGTH="255" NOTNULL="false" UNSIGNED="true" SEQUENCE="false" ENUM="false" NEXT="timecreated" PREVIOUS="isbn" COMMENT=""/>
      <FIELD NAME="timecreated" TYPE="int" LENGTH="10" NOTNULL="true" UNSIGNED="true" DEFAULT="0" SEQUENCE="false" ENUM="false" PREVIOUS="credentials" NEXT="timemodified" COMMENT=""/>
      <FIELD NAME="timemodified" TYPE="int" LENGTH="10" NOTNULL="true" UNSIGNED="true" DEFAULT="0" SEQUENCE="false" ENUM="false" PREVIOUS="timecreated" COMMENT=""/>
</FIELDS>
<KEYS>
	<KEY NAME="primary" TYPE="primary" FIELDS="id" />
</KEYS>
</TABLE>


<TABLE NAME="rcommon_errors_log" COMMENT="Every action is logged as far as possible" PREVIOUS="rcommon_user_credentials" NEXT="rcommon_publisher">
  <FIELDS>
	<FIELD NAME="id" TYPE="int" LENGTH="10" NOTNULL="true" UNSIGNED="true" SEQUENCE="true" ENUM="false" NEXT="time"/>
	<FIELD NAME="time" TYPE="int" LENGTH="10" NOTNULL="true" UNSIGNED="true" DEFAULT="0" SEQUENCE="false" ENUM="false" PREVIOUS="id" NEXT="userid"/>
	<FIELD NAME="userid" TYPE="int" LENGTH="10" NOTNULL="true" UNSIGNED="true" DEFAULT="0" SEQUENCE="false" ENUM="false" PREVIOUS="time" NEXT="ip"/>
	<FIELD NAME="ip" TYPE="char" LENGTH="15" NOTNULL="true" SEQUENCE="false" ENUM="false" PREVIOUS="userid" NEXT="course"/>
	<FIELD NAME="course" TYPE="int" LENGTH="10" NOTNULL="true" UNSIGNED="true" DEFAULT="0" SEQUENCE="false" ENUM="false" PREVIOUS="ip" NEXT="module"/>
	<FIELD NAME="module" TYPE="char" LENGTH="20" NOTNULL="true" SEQUENCE="false" ENUM="false" PREVIOUS="course" NEXT="cmid"/>
	<FIELD NAME="cmid" TYPE="int" LENGTH="10" NOTNULL="true" UNSIGNED="true" DEFAULT="0" SEQUENCE="false" ENUM="false" PREVIOUS="module" NEXT="action"/>
	<FIELD NAME="action" TYPE="char" LENGTH="40" NOTNULL="true" SEQUENCE="false" ENUM="false" PREVIOUS="cmid" NEXT="url"/>
	<FIELD NAME="url" TYPE="char" LENGTH="255" NOTNULL="true" SEQUENCE="false" ENUM="false" PREVIOUS="action" NEXT="info"/>
	<FIELD NAME="info" TYPE="char" LENGTH="1024" NOTNULL="true" SEQUENCE="false" ENUM="false" PREVIOUS="url"/>
  </FIELDS>
  <KEYS>
	<KEY NAME="primary" TYPE="primary" FIELDS="id"/>
  </KEYS>
  <INDEXES>
	<INDEX NAME="course-module-action" UNIQUE="false" FIELDS="course, module, action" NEXT="time"/>
	<INDEX NAME="time" UNIQUE="false" FIELDS="time" PREVIOUS="course-module-action" NEXT="action"/>
	<INDEX NAME="action" UNIQUE="false" FIELDS="action" PREVIOUS="time" NEXT="userid-course"/>
	<INDEX NAME="userid-course" UNIQUE="false" FIELDS="userid, course" PREVIOUS="action" NEXT="cmid"/>
	<INDEX NAME="cmid" UNIQUE="false" FIELDS="cmid" PREVIOUS="userid-course"/>
  </INDEXES>
</TABLE>


<TABLE NAME="rcommon_publisher" COMMENT="" PREVIOUS="rcommon_errors_log" NEXT="rcommon_level">
<FIELDS>
      <FIELD NAME="id" TYPE="int" LENGTH="10" NOTNULL="true" UNSIGNED="true" SEQUENCE="true" ENUM="false" NEXT="name" COMMENT=""/>
      <FIELD NAME="name" TYPE="char" LENGTH="255" NOTNULL="true" UNSIGNED="true" SEQUENCE="false" ENUM="false" NEXT="code" PREVIOUS="id" COMMENT=""/>
      <FIELD NAME="code" TYPE="char" LENGTH="100" NOTNULL="true" UNSIGNED="true" SEQUENCE="false" ENUM="false" NEXT="urlwsauthentication" PREVIOUS="name" COMMENT=""/>
      <FIELD NAME="urlwsauthentication" TYPE="char" LENGTH="255" NOTNULL="true" UNSIGNED="true" SEQUENCE="false" ENUM="false" PREVIOUS="code" NEXT="urlwsbookstructure" COMMENT=""/>
      <FIELD NAME="urlwsbookstructure" TYPE="char" LENGTH="255" NOTNULL="true" UNSIGNED="true" SEQUENCE="false" ENUM="false" PREVIOUS="urlwsauthentication" NEXT="username" COMMENT=""/>
      <FIELD NAME="username" TYPE="char" LENGTH="255" NOTNULL="true" UNSIGNED="true" SEQUENCE="false" ENUM="false" NEXT="password" PREVIOUS="urlwsbookstructure" COMMENT=""/>
      <FIELD NAME="password" TYPE="char" LENGTH="255" NOTNULL="true" UNSIGNED="true" SEQUENCE="false" ENUM="false" NEXT="timecreated" PREVIOUS="username" COMMENT=""/>
      <FIELD NAME="timecreated" TYPE="int" LENGTH="10" NOTNULL="true" UNSIGNED="true" DEFAULT="0" SEQUENCE="false" ENUM="false" PREVIOUS="password" NEXT="timemodified" COMMENT=""/>
      <FIELD NAME="timemodified" TYPE="int" LENGTH="10" NOTNULL="true" UNSIGNED="true" DEFAULT="0" SEQUENCE="false" ENUM="false" PREVIOUS="timecreated" COMMENT=""/>
</FIELDS>
<KEYS>
	<KEY NAME="primary" TYPE="primary" FIELDS="id" />
</KEYS>
</TABLE>


<TABLE NAME="rcommon_level" COMMENT="" PREVIOUS="rcommon_publisher">
<FIELDS>
      <FIELD NAME="id" TYPE="int" LENGTH="10" NOTNULL="true" UNSIGNED="true" SEQUENCE="true" ENUM="false" NEXT="name" COMMENT=""/>
      <FIELD NAME="name" TYPE="char" LENGTH="255" NOTNULL="true" UNSIGNED="true" SEQUENCE="false" ENUM="false" NEXT="code" PREVIOUS="id" COMMENT=""/>
      <FIELD NAME="code" TYPE="char" LENGTH="100" NOTNULL="true" UNSIGNED="true" SEQUENCE="false" ENUM="false" NEXT="timecreated" PREVIOUS="name" COMMENT=""/>
      <FIELD NAME="timecreated" TYPE="int" LENGTH="10" NOTNULL="true" UNSIGNED="true" DEFAULT="0" SEQUENCE="false" ENUM="false" PREVIOUS="code" NEXT="timemodified" COMMENT=""/>
      <FIELD NAME="timemodified" TYPE="int" LENGTH="10" NOTNULL="true" UNSIGNED="true" DEFAULT="0" SEQUENCE="false" ENUM="false" PREVIOUS="timecreated" COMMENT=""/>
</FIELDS>
<KEYS>
	<KEY NAME="primary" TYPE="primary" FIELDS="id" />
</KEYS>
</TABLE>
</TABLES>
<STATEMENTS>
    <STATEMENT NAME="insert rcommon_level" TYPE="insert" TABLE="rcommon_level" COMMENT="Initial insert of records on table rcommon_level">
      <SENTENCES>
        <SENTENCE TEXT="(name, code) VALUES ('1r ESO', '1ESO')" />
        <SENTENCE TEXT="(name, code) VALUES ('2n ESO', '2ESO')" />
        <SENTENCE TEXT="(name, code) VALUES ('3r ESO', '3ESO')" />
        <SENTENCE TEXT="(name, code) VALUES ('4r ESO', '4ESO')" />
        <SENTENCE TEXT="(name, code) VALUES ('1r EP', '1EP')" />
        <SENTENCE TEXT="(name, code) VALUES ('2n EP', '2EP')" />
        <SENTENCE TEXT="(name, code) VALUES ('3r EP', '3EP')" />
        <SENTENCE TEXT="(name, code) VALUES ('4r EP', '4EP')" />
        <SENTENCE TEXT="(name, code) VALUES ('5è EP', '5EP')" />
        <SENTENCE TEXT="(name, code) VALUES ('6è EP', '6EP')" />
      </SENTENCES>
    </STATEMENT>
  </STATEMENTS>
</XMLDB>
