<?xml version="1.0" encoding="UTF-8" ?>
<XMLDB PATH="mod/rscorm/db" VERSION="20120326" COMMENT="XMLDB file for Moodle mod/rscorm"
    xmlns:xsi="http://www.w3.org/2001/XMLSchema-instance"
    xsi:noNamespaceSchemaLocation="../../../lib/xmldb/xmldb.xsd"
>
  <TABLES>

    <TABLE NAME="rscorm" COMMENT="each table is one RSCORM module and its configuration" NEXT="rscorm_scoes">
      <FIELDS>
        <FIELD NAME="id" TYPE="int" LENGTH="10" NOTNULL="true" SEQUENCE="true" NEXT="course"/>
        <FIELD NAME="course" TYPE="int" LENGTH="10" NOTNULL="true" DEFAULT="0" SEQUENCE="false" PREVIOUS="id" NEXT="name"/>
        <FIELD NAME="name" TYPE="char" LENGTH="255" NOTNULL="true" SEQUENCE="false" PREVIOUS="course" NEXT="levelid"/>
	   
        <!-- //MARSUPIAL ********** AFEGIT - Remote SCORM -->
		<FIELD NAME="levelid" TYPE="int" LENGTH="10" NOTNULL="true" UNSIGNED="true" DEFAULT="0" SEQUENCE="false" PREVIOUS="name" NEXT="bookid" COMMENT=""/>
		<FIELD NAME="bookid" TYPE="int" LENGTH="10" NOTNULL="true" DEFAULT="0" SEQUENCE="false"  PREVIOUS="levelid" NEXT="unitid" COMMENT=""/>
		<FIELD NAME="unitid" TYPE="int" LENGTH="10" NOTNULL="true" UNSIGNED="true" DEFAULT="0" SEQUENCE="false"  PREVIOUS="bookid" NEXT="activityid" COMMENT=""/>
		<FIELD NAME="activityid" TYPE="int" LENGTH="10" NOTNULL="true" UNSIGNED="true" DEFAULT="0" SEQUENCE="false"  PREVIOUS="unitid" NEXT="scormtype" COMMENT=""/>
<!-- //********** FI -->
<!-- //MARSUPIAL ********** ELIMINAT - take out reference -->
        <!-- <FIELD NAME="reference" TYPE="char" LENGTH="255" NOTNULL="true" SEQUENCE="false" PREVIOUS="activityid" NEXT="summary"/>-->
<!-- //********** FI -->
<!-- //MARSUPIAL ********** MODIFICAT -  take out summary deprected by intro -->
        <!-- FIELD NAME="summary" TYPE="text" LENGTH="small" NOTNULL="true" SEQUENCE="false" PREVIOUS="activityid" NEXT="scormtype"/> -->
<!-- //********** FI -->
        
        
        <FIELD NAME="scormtype" TYPE="char" LENGTH="50" NOTNULL="true" DEFAULT="local" SEQUENCE="false" COMMENT="local, external or repository" PREVIOUS="activityid" NEXT="intro"/>
        <FIELD NAME="intro" TYPE="text" NOTNULL="true" SEQUENCE="false" PREVIOUS="scormtype" NEXT="introformat"/>
        <FIELD NAME="introformat" TYPE="int" LENGTH="4" NOTNULL="true" DEFAULT="0" SEQUENCE="false" PREVIOUS="intro" NEXT="version"/>
        <FIELD NAME="version" TYPE="char" LENGTH="10" NOTNULL="true" SEQUENCE="false" PREVIOUS="introformat" NEXT="maxgrade"/>
        <FIELD NAME="maxgrade" TYPE="float" NOTNULL="true" DEFAULT="0" SEQUENCE="false" PREVIOUS="version" NEXT="grademethod"/>
        <FIELD NAME="grademethod" TYPE="int" LENGTH="2" NOTNULL="true" DEFAULT="0" SEQUENCE="false" PREVIOUS="maxgrade" NEXT="whatgrade"/>
        <FIELD NAME="whatgrade" TYPE="int" LENGTH="10" NOTNULL="true" DEFAULT="0" SEQUENCE="false" PREVIOUS="grademethod" NEXT="maxattempt"/>
        <FIELD NAME="maxattempt" TYPE="int" LENGTH="10" NOTNULL="true" DEFAULT="1" SEQUENCE="false" PREVIOUS="whatgrade" NEXT="forcecompleted"/>
        <FIELD NAME="forcecompleted" TYPE="int" LENGTH="1" NOTNULL="true" DEFAULT="1" SEQUENCE="false" PREVIOUS="maxattempt" NEXT="forcenewattempt"/>
        <FIELD NAME="forcenewattempt" TYPE="int" LENGTH="1" NOTNULL="true" DEFAULT="0" SEQUENCE="false" PREVIOUS="forcecompleted" NEXT="lastattemptlock"/>
        <FIELD NAME="lastattemptlock" TYPE="int" LENGTH="1" NOTNULL="true" DEFAULT="0" SEQUENCE="false" PREVIOUS="forcenewattempt" NEXT="displayattemptstatus"/>
        <FIELD NAME="displayattemptstatus" TYPE="int" LENGTH="1" NOTNULL="true" DEFAULT="1" SEQUENCE="false" PREVIOUS="lastattemptlock" NEXT="displaycoursestructure"/>
        <FIELD NAME="displaycoursestructure" TYPE="int" LENGTH="1" NOTNULL="true" DEFAULT="1" SEQUENCE="false" PREVIOUS="displayattemptstatus" NEXT="updatefreq"/>
        <FIELD NAME="updatefreq" TYPE="int" LENGTH="1" NOTNULL="true" DEFAULT="0" SEQUENCE="false" COMMENT="Define when the package must be automatically update" PREVIOUS="displaycoursestructure" NEXT="sha1hash"/>
        <FIELD NAME="sha1hash" TYPE="char" LENGTH="40" NOTNULL="false" SEQUENCE="false" COMMENT="package content or ext path hash" PREVIOUS="updatefreq" NEXT="md5hash"/>
        <FIELD NAME="md5hash" TYPE="char" LENGTH="32" NOTNULL="true" SEQUENCE="false" COMMENT="MD5 Hash of package file" PREVIOUS="sha1hash" NEXT="revision"/>
        <FIELD NAME="revision" TYPE="int" LENGTH="10" NOTNULL="true" DEFAULT="0" SEQUENCE="false" COMMENT="revison number" PREVIOUS="md5hash" NEXT="launch"/>
        <FIELD NAME="launch" TYPE="int" LENGTH="10" NOTNULL="true" DEFAULT="0" SEQUENCE="false" PREVIOUS="revision" NEXT="skipview"/>
        <FIELD NAME="skipview" TYPE="int" LENGTH="1" NOTNULL="true" DEFAULT="1" SEQUENCE="false" PREVIOUS="launch" NEXT="hidebrowse"/>
        <FIELD NAME="hidebrowse" TYPE="int" LENGTH="1" NOTNULL="true" DEFAULT="0" SEQUENCE="false" PREVIOUS="skipview" NEXT="hidetoc"/>
        <FIELD NAME="hidetoc" TYPE="int" LENGTH="1" NOTNULL="true" DEFAULT="0" SEQUENCE="false" PREVIOUS="hidebrowse" NEXT="hidenav"/>
        <FIELD NAME="hidenav" TYPE="int" LENGTH="1" NOTNULL="true" DEFAULT="0" SEQUENCE="false" PREVIOUS="hidetoc" NEXT="auto"/>
        <FIELD NAME="auto" TYPE="int" LENGTH="1" NOTNULL="true" DEFAULT="0" SEQUENCE="false" PREVIOUS="hidenav" NEXT="popup"/>
        <FIELD NAME="popup" TYPE="int" LENGTH="1" NOTNULL="true" DEFAULT="0" SEQUENCE="false" PREVIOUS="auto" NEXT="options"/>
        <FIELD NAME="options" TYPE="char" LENGTH="255" NOTNULL="true" SEQUENCE="false" PREVIOUS="popup" NEXT="width"/>
        <FIELD NAME="width" TYPE="int" LENGTH="10" NOTNULL="true" DEFAULT="100" SEQUENCE="false" PREVIOUS="options" NEXT="height"/>
        <FIELD NAME="height" TYPE="int" LENGTH="10" NOTNULL="true" DEFAULT="600" SEQUENCE="false" PREVIOUS="width" NEXT="timeopen"/>
        <FIELD NAME="timeopen" TYPE="int" LENGTH="10" NOTNULL="true" DEFAULT="0" SEQUENCE="false" PREVIOUS="height" NEXT="timeclose"/>
        <FIELD NAME="timeclose" TYPE="int" LENGTH="10" NOTNULL="true" DEFAULT="0" SEQUENCE="false" PREVIOUS="timeopen" NEXT="timemodified"/>
        <FIELD NAME="timemodified" TYPE="int" LENGTH="10" NOTNULL="true" DEFAULT="0" SEQUENCE="false" PREVIOUS="timeclose" NEXT="completionstatusrequired"/>
        <FIELD NAME="completionstatusrequired" TYPE="int" LENGTH="1" NOTNULL="false" SEQUENCE="false" PREVIOUS="timemodified" NEXT="completionscorerequired"/>
        <FIELD NAME="completionscorerequired" TYPE="int" LENGTH="2" NOTNULL="false" SEQUENCE="false" PREVIOUS="completionstatusrequired"/>
      </FIELDS>
      <KEYS>
        <KEY NAME="primary" TYPE="primary" FIELDS="id"/>
      </KEYS>
      <INDEXES>
        <INDEX NAME="course" UNIQUE="false" FIELDS="course"/>
      </INDEXES>
    </TABLE>
    
    <TABLE NAME="rscorm_scoes" COMMENT="each SCO part of the RSCORM module" PREVIOUS="rscorm" NEXT="rscorm_scoes_users">
      <FIELDS>
        <FIELD NAME="id" TYPE="int" LENGTH="10" NOTNULL="true" SEQUENCE="true" NEXT="scorm"/>
        <FIELD NAME="scorm" TYPE="int" LENGTH="10" NOTNULL="true" DEFAULT="0" SEQUENCE="false" PREVIOUS="id" NEXT="manifest"/>
        <FIELD NAME="manifest" TYPE="char" LENGTH="255" NOTNULL="true" SEQUENCE="false" PREVIOUS="scorm" NEXT="organization"/>
        <FIELD NAME="organization" TYPE="char" LENGTH="255" NOTNULL="true" SEQUENCE="false" PREVIOUS="manifest" NEXT="parent"/>
        <FIELD NAME="parent" TYPE="char" LENGTH="255" NOTNULL="true" SEQUENCE="false" PREVIOUS="organization" NEXT="identifier"/>
        <FIELD NAME="identifier" TYPE="char" LENGTH="255" NOTNULL="true" SEQUENCE="false" PREVIOUS="parent" NEXT="launch"/>
        <FIELD NAME="launch" TYPE="text" NOTNULL="true" SEQUENCE="false" PREVIOUS="identifier" NEXT="scormtype"/>
        <FIELD NAME="scormtype" TYPE="char" LENGTH="5" NOTNULL="true" SEQUENCE="false" PREVIOUS="launch" NEXT="title"/>
        <FIELD NAME="title" TYPE="char" LENGTH="255" NOTNULL="true" SEQUENCE="false" PREVIOUS="scormtype"/>
      </FIELDS>
      <KEYS>
        <KEY NAME="primary" TYPE="primary" FIELDS="id" NEXT="scorm"/>
        <KEY NAME="scorm" TYPE="foreign" FIELDS="scorm" REFTABLE="rscorm" REFFIELDS="id" PREVIOUS="primary"/>
      </KEYS>
    </TABLE>
<!-- // MARSUPIAL ********* AFEGIT - ... -->   
    <TABLE NAME="rscorm_scoes_users" COMMENT="each SCO part of the SCORM module" PREVIOUS="rscorm_scoes" NEXT="rscorm_scoes_data">
      <FIELDS>
        <FIELD NAME="id" TYPE="int" LENGTH="10" NOTNULL="true" UNSIGNED="true" SEQUENCE="true"  NEXT="scormid"/>
        <FIELD NAME="scormid" TYPE="int" LENGTH="10" NOTNULL="true" UNSIGNED="true" DEFAULT="0" SEQUENCE="false"  PREVIOUS="id" NEXT="scoid"/>
        <FIELD NAME="scoid" TYPE="int" LENGTH="10" NOTNULL="true" UNSIGNED="true" DEFAULT="0" SEQUENCE="false"  PREVIOUS="scormid" NEXT="userid"/>
        <FIELD NAME="userid" TYPE="int" LENGTH="10" NOTNULL="true" UNSIGNED="true" DEFAULT="0" SEQUENCE="false"  PREVIOUS="scoid" NEXT="launch"/>
        <FIELD NAME="launch" TYPE="char" LENGTH="255" NOTNULL="true" SEQUENCE="false"  PREVIOUS="userid" NEXT="timecreated"/>
        <FIELD NAME="timecreated" TYPE="int" LENGTH="10" NOTNULL="true" UNSIGNED="true" DEFAULT="0" SEQUENCE="false"  PREVIOUS="launch" NEXT="timemodified"/>
        <FIELD NAME="timemodified" TYPE="int" LENGTH="10" NOTNULL="true" UNSIGNED="true" DEFAULT="0" SEQUENCE="false" PREVIOUS="timecreated"/>
      </FIELDS>
      <KEYS>
        <KEY NAME="primary" TYPE="primary" FIELDS="id"/>
      </KEYS>
    </TABLE>
<!-- // ********** FI -->
    <TABLE NAME="rscorm_scoes_data" COMMENT="Contains variable data get from packages" PREVIOUS="rscorm_scoes_users" NEXT="rscorm_scoes_track">
      <FIELDS>
        <FIELD NAME="id" TYPE="int" LENGTH="10" NOTNULL="true" SEQUENCE="true" NEXT="scoid"/>
        <FIELD NAME="scoid" TYPE="int" LENGTH="10" NOTNULL="true" DEFAULT="0" SEQUENCE="false" PREVIOUS="id" NEXT="name"/>
        <FIELD NAME="name" TYPE="char" LENGTH="255" NOTNULL="true" SEQUENCE="false" PREVIOUS="scoid" NEXT="value"/>
        <FIELD NAME="value" TYPE="text" NOTNULL="true" SEQUENCE="false" PREVIOUS="name"/>
      </FIELDS>
      <KEYS>
        <KEY NAME="primary" TYPE="primary" FIELDS="id" NEXT="scorm_scoes_data_scoid"/>
        <KEY NAME="scorm_scoes_data_scoid" TYPE="foreign" FIELDS="scoid" REFTABLE="rscorm_scoes" REFFIELDS="id" COMMENT="The relative sco" PREVIOUS="primary"/>
      </KEYS>
    </TABLE>
    <TABLE NAME="rscorm_scoes_track" COMMENT="to track SCOes" PREVIOUS="rscorm_scoes_data" NEXT="rscorm_seq_objective">
      <FIELDS>
        <FIELD NAME="id" TYPE="int" LENGTH="10" NOTNULL="true" SEQUENCE="true" NEXT="userid"/>
        <FIELD NAME="userid" TYPE="int" LENGTH="10" NOTNULL="true" DEFAULT="0" SEQUENCE="false" PREVIOUS="id" NEXT="scormid"/>
        <FIELD NAME="scormid" TYPE="int" LENGTH="10" NOTNULL="true" DEFAULT="0" SEQUENCE="false" PREVIOUS="userid" NEXT="scoid"/>
        <FIELD NAME="scoid" TYPE="int" LENGTH="10" NOTNULL="true" DEFAULT="0" SEQUENCE="false" PREVIOUS="scormid" NEXT="attempt"/>
        <FIELD NAME="attempt" TYPE="int" LENGTH="10" NOTNULL="true" DEFAULT="1" SEQUENCE="false" PREVIOUS="scoid" NEXT="element"/>
        <FIELD NAME="element" TYPE="char" LENGTH="255" NOTNULL="true" SEQUENCE="false" PREVIOUS="attempt" NEXT="value"/>
        <FIELD NAME="value" TYPE="text" NOTNULL="true" SEQUENCE="false" PREVIOUS="element" NEXT="timemodified"/>
        <FIELD NAME="timemodified" TYPE="int" LENGTH="10" NOTNULL="true" DEFAULT="0" SEQUENCE="false" PREVIOUS="value"/>
      </FIELDS>
      <KEYS>
        <KEY NAME="primary" TYPE="primary" FIELDS="id" NEXT="scormid"/>
        <KEY NAME="scormid" TYPE="foreign" FIELDS="scormid" REFTABLE="rscorm" REFFIELDS="id" PREVIOUS="primary" NEXT="scoid"/>
        <KEY NAME="scoid" TYPE="foreign" FIELDS="scoid" REFTABLE="rscorm_scoes" REFFIELDS="id" PREVIOUS="scormid"/>
      </KEYS>
      <INDEXES>
        <INDEX NAME="userid-scormid-scoid-attempt-element" UNIQUE="true" FIELDS="userid, scormid, scoid, attempt, element" NEXT="userid"/>
        <INDEX NAME="userid" UNIQUE="false" FIELDS="userid" PREVIOUS="userid-scormid-scoid-attempt-element" NEXT="element"/>
        <INDEX NAME="element" UNIQUE="false" FIELDS="element" PREVIOUS="userid"/>
      </INDEXES>
    </TABLE>
    <TABLE NAME="rscorm_seq_objective" COMMENT="RSCORM2004 objective description" PREVIOUS="rscorm_scoes_track" NEXT="rscorm_seq_mapinfo">
      <FIELDS>
        <FIELD NAME="id" TYPE="int" LENGTH="10" NOTNULL="true" SEQUENCE="true" NEXT="scoid"/>
        <FIELD NAME="scoid" TYPE="int" LENGTH="10" NOTNULL="true" DEFAULT="0" SEQUENCE="false" PREVIOUS="id" NEXT="primaryobj"/>
        <FIELD NAME="primaryobj" TYPE="int" LENGTH="1" NOTNULL="true" DEFAULT="0" SEQUENCE="false" PREVIOUS="scoid" NEXT="objectiveid"/>
        <FIELD NAME="objectiveid" TYPE="char" LENGTH="255" NOTNULL="true" SEQUENCE="false" PREVIOUS="primaryobj" NEXT="satisfiedbymeasure"/>
        <FIELD NAME="satisfiedbymeasure" TYPE="int" LENGTH="1" NOTNULL="true" DEFAULT="1" SEQUENCE="false" PREVIOUS="objectiveid" NEXT="minnormalizedmeasure"/>
        <FIELD NAME="minnormalizedmeasure" TYPE="float" LENGTH="11" NOTNULL="true" DEFAULT="0.0000" SEQUENCE="false" DECIMALS="4" PREVIOUS="satisfiedbymeasure"/>
      </FIELDS>
      <KEYS>
        <KEY NAME="primary" TYPE="primary" FIELDS="id" NEXT="scorm_objective_uniq"/>
        <KEY NAME="scorm_objective_uniq" TYPE="unique" FIELDS="scoid, id" PREVIOUS="primary" NEXT="scorm_objective_scoid"/>
        <KEY NAME="scorm_objective_scoid" TYPE="foreign" FIELDS="scoid" REFTABLE="rscorm_scoes" REFFIELDS="id" COMMENT="The relative sco" PREVIOUS="scorm_objective_uniq"/>
      </KEYS>
    </TABLE>
    <TABLE NAME="rscorm_seq_mapinfo" COMMENT="RSCORM2004 objective mapinfo description" PREVIOUS="rscorm_seq_objective" NEXT="rscorm_seq_ruleconds">
      <FIELDS>
        <FIELD NAME="id" TYPE="int" LENGTH="10" NOTNULL="true" SEQUENCE="true" NEXT="scoid"/>
        <FIELD NAME="scoid" TYPE="int" LENGTH="10" NOTNULL="true" DEFAULT="0" SEQUENCE="false" PREVIOUS="id" NEXT="objectiveid"/>
        <FIELD NAME="objectiveid" TYPE="int" LENGTH="10" NOTNULL="true" DEFAULT="0" SEQUENCE="false" PREVIOUS="scoid" NEXT="targetobjectiveid"/>
        <FIELD NAME="targetobjectiveid" TYPE="int" LENGTH="10" NOTNULL="true" DEFAULT="0" SEQUENCE="false" PREVIOUS="objectiveid" NEXT="readsatisfiedstatus"/>
        <FIELD NAME="readsatisfiedstatus" TYPE="int" LENGTH="1" NOTNULL="true" DEFAULT="1" SEQUENCE="false" PREVIOUS="targetobjectiveid" NEXT="readnormalizedmeasure"/>
        <FIELD NAME="readnormalizedmeasure" TYPE="int" LENGTH="1" NOTNULL="true" DEFAULT="1" SEQUENCE="false" PREVIOUS="readsatisfiedstatus" NEXT="writesatisfiedstatus"/>
        <FIELD NAME="writesatisfiedstatus" TYPE="int" LENGTH="1" NOTNULL="true" DEFAULT="0" SEQUENCE="false" PREVIOUS="readnormalizedmeasure" NEXT="writenormalizedmeasure"/>
        <FIELD NAME="writenormalizedmeasure" TYPE="int" LENGTH="1" NOTNULL="true" DEFAULT="0" SEQUENCE="false" PREVIOUS="writesatisfiedstatus"/>
      </FIELDS>
      <KEYS>
        <KEY NAME="primary" TYPE="primary" FIELDS="id" NEXT="scorm_mapinfo_uniq"/>
        <KEY NAME="scorm_mapinfo_uniq" TYPE="unique" FIELDS="scoid, id, objectiveid" PREVIOUS="primary" NEXT="scorm_mapinfo_scoid"/>
        <KEY NAME="scorm_mapinfo_scoid" TYPE="foreign" FIELDS="scoid" REFTABLE="rscorm_scoes" REFFIELDS="id" COMMENT="The relative sco" PREVIOUS="scorm_mapinfo_uniq" NEXT="scorm_mapinfo_objectiveid"/>
        <KEY NAME="scorm_mapinfo_objectiveid" TYPE="foreign" FIELDS="objectiveid" REFTABLE="rscorm_seq_objective" REFFIELDS="id" COMMENT="The relative objective" PREVIOUS="scorm_mapinfo_scoid"/>
      </KEYS>
    </TABLE>
    <TABLE NAME="rscorm_seq_ruleconds" COMMENT="RSCORM2004 rule conditions" PREVIOUS="rscorm_seq_mapinfo" NEXT="rscorm_seq_rulecond">
      <FIELDS>
        <FIELD NAME="id" TYPE="int" LENGTH="10" NOTNULL="true" SEQUENCE="true" NEXT="scoid"/>
        <FIELD NAME="scoid" TYPE="int" LENGTH="10" NOTNULL="true" DEFAULT="0" SEQUENCE="false" PREVIOUS="id" NEXT="conditioncombination"/>
        <FIELD NAME="conditioncombination" TYPE="char" LENGTH="3" NOTNULL="true" DEFAULT="all" SEQUENCE="false" PREVIOUS="scoid" NEXT="ruletype"/>
        <FIELD NAME="ruletype" TYPE="int" LENGTH="2" NOTNULL="true" DEFAULT="0" SEQUENCE="false" PREVIOUS="conditioncombination" NEXT="action"/>
        <FIELD NAME="action" TYPE="char" LENGTH="25" NOTNULL="true" SEQUENCE="false" PREVIOUS="ruletype"/>
      </FIELDS>
      <KEYS>
        <KEY NAME="primary" TYPE="primary" FIELDS="id" NEXT="scorm_ruleconds_un"/>
        <KEY NAME="scorm_ruleconds_un" TYPE="unique" FIELDS="scoid, id" PREVIOUS="primary" NEXT="scorm_ruleconds_scoid"/>
        <KEY NAME="scorm_ruleconds_scoid" TYPE="foreign" FIELDS="scoid" REFTABLE="rscorm_scoes" REFFIELDS="id" COMMENT="The relative sco" PREVIOUS="scorm_ruleconds_un"/>
      </KEYS>
    </TABLE>
    <TABLE NAME="rscorm_seq_rulecond" COMMENT="RSCORM2004 rule condition" PREVIOUS="rscorm_seq_ruleconds" NEXT="rscorm_seq_rolluprule">
      <FIELDS>
        <FIELD NAME="id" TYPE="int" LENGTH="10" NOTNULL="true" SEQUENCE="true" NEXT="scoid"/>
        <FIELD NAME="scoid" TYPE="int" LENGTH="10" NOTNULL="true" DEFAULT="0" SEQUENCE="false" PREVIOUS="id" NEXT="ruleconditionsid"/>
        <FIELD NAME="ruleconditionsid" TYPE="int" LENGTH="10" NOTNULL="true" DEFAULT="0" SEQUENCE="false" PREVIOUS="scoid" NEXT="refrencedobjective"/>
        <FIELD NAME="refrencedobjective" TYPE="char" LENGTH="255" NOTNULL="true" SEQUENCE="false" PREVIOUS="ruleconditionsid" NEXT="measurethreshold"/>
        <FIELD NAME="measurethreshold" TYPE="float" LENGTH="11" NOTNULL="true" DEFAULT="0.0000" SEQUENCE="false" DECIMALS="4" PREVIOUS="refrencedobjective" NEXT="operator"/>
        <FIELD NAME="operator" TYPE="char" LENGTH="5" NOTNULL="true" DEFAULT="noOp" SEQUENCE="false" PREVIOUS="measurethreshold" NEXT="cond"/>
        <FIELD NAME="cond" TYPE="char" LENGTH="30" NOTNULL="true" DEFAULT="always" SEQUENCE="false" PREVIOUS="operator"/>
      </FIELDS>
      <KEYS>
        <KEY NAME="primary" TYPE="primary" FIELDS="id" NEXT="scorm_rulecond_uniq"/>
        <KEY NAME="scorm_rulecond_uniq" TYPE="unique" FIELDS="id, scoid, ruleconditionsid" PREVIOUS="primary" NEXT="scorm_rulecond_scoid"/>
        <KEY NAME="scorm_rulecond_scoid" TYPE="foreign" FIELDS="scoid" REFTABLE="rscorm_scoes" REFFIELDS="id" COMMENT="The relative sco" PREVIOUS="scorm_rulecond_uniq" NEXT="scorm_rulecond_ruleconditionsid"/>
        <KEY NAME="scorm_rulecond_ruleconditionsid" TYPE="foreign" FIELDS="ruleconditionsid" REFTABLE="rscorm_seq_ruleconds" REFFIELDS="id" COMMENT="The relative rulecondition" PREVIOUS="scorm_rulecond_scoid"/>
      </KEYS>
    </TABLE>
    <TABLE NAME="rscorm_seq_rolluprule" COMMENT="RSCORM2004 sequencing rule" PREVIOUS="rscorm_seq_rulecond" NEXT="rscorm_seq_rolluprulecond">
      <FIELDS>
        <FIELD NAME="id" TYPE="int" LENGTH="10" NOTNULL="true" SEQUENCE="true" NEXT="scoid"/>
        <FIELD NAME="scoid" TYPE="int" LENGTH="10" NOTNULL="true" DEFAULT="0" SEQUENCE="false" PREVIOUS="id" NEXT="childactivityset"/>
        <FIELD NAME="childactivityset" TYPE="char" LENGTH="15" NOTNULL="true" SEQUENCE="false" PREVIOUS="scoid" NEXT="minimumcount"/>
        <FIELD NAME="minimumcount" TYPE="int" LENGTH="10" NOTNULL="true" DEFAULT="0" SEQUENCE="false" PREVIOUS="childactivityset" NEXT="minimumpercent"/>
        <FIELD NAME="minimumpercent" TYPE="float" LENGTH="11" NOTNULL="true" DEFAULT="0.0000" SEQUENCE="false" DECIMALS="4" PREVIOUS="minimumcount" NEXT="conditioncombination"/>
        <FIELD NAME="conditioncombination" TYPE="char" LENGTH="3" NOTNULL="true" DEFAULT="all" SEQUENCE="false" PREVIOUS="minimumpercent" NEXT="action"/>
        <FIELD NAME="action" TYPE="char" LENGTH="15" NOTNULL="true" SEQUENCE="false" PREVIOUS="conditioncombination"/>
      </FIELDS>
      <KEYS>
        <KEY NAME="primary" TYPE="primary" FIELDS="id" NEXT="scorm_rolluprule_uniq"/>
        <KEY NAME="scorm_rolluprule_uniq" TYPE="unique" FIELDS="scoid, id" PREVIOUS="primary" NEXT="scorm_rolluprule_scoid"/>
        <KEY NAME="scorm_rolluprule_scoid" TYPE="foreign" FIELDS="scoid" REFTABLE="rscorm_scoes" REFFIELDS="id" COMMENT="The relative sco" PREVIOUS="scorm_rolluprule_uniq"/>
      </KEYS>
    </TABLE>
    <TABLE NAME="rscorm_seq_rolluprulecond" COMMENT="RSCORM2004 sequencing rule" PREVIOUS="rscorm_seq_rolluprule" NEXT="rscorm_aicc_session">
      <FIELDS>
        <FIELD NAME="id" TYPE="int" LENGTH="10" NOTNULL="true" SEQUENCE="true" NEXT="scoid"/>
        <FIELD NAME="scoid" TYPE="int" LENGTH="10" NOTNULL="true" DEFAULT="0" SEQUENCE="false" PREVIOUS="id" NEXT="rollupruleid"/>
        <FIELD NAME="rollupruleid" TYPE="int" LENGTH="10" NOTNULL="true" DEFAULT="0" SEQUENCE="false" PREVIOUS="scoid" NEXT="operator"/>
        <FIELD NAME="operator" TYPE="char" LENGTH="5" NOTNULL="true" DEFAULT="noOp" SEQUENCE="false" PREVIOUS="rollupruleid" NEXT="cond"/>
        <FIELD NAME="cond" TYPE="char" LENGTH="25" NOTNULL="true" SEQUENCE="false" PREVIOUS="operator"/>
      </FIELDS>
      <KEYS>
        <KEY NAME="primary" TYPE="primary" FIELDS="id" NEXT="scorm_rulluprulecond_uniq"/>
        <KEY NAME="scorm_rulluprulecond_uniq" TYPE="unique" FIELDS="scoid, rollupruleid, id" PREVIOUS="primary" NEXT="scorm_rolluprulecond_scoid"/>
        <KEY NAME="scorm_rolluprulecond_scoid" TYPE="foreign" FIELDS="scoid" REFTABLE="rscorm_scoes" REFFIELDS="id" COMMENT="The relative sco" PREVIOUS="scorm_rulluprulecond_uniq" NEXT="scorm_rolluprulecond_rolluprule"/>
        <KEY NAME="scorm_rolluprulecond_rolluprule" TYPE="foreign" FIELDS="rollupruleid" REFTABLE="rscorm_seq_rolluprule" REFFIELDS="id" COMMENT="The relative rolluprule" PREVIOUS="scorm_rolluprulecond_scoid"/>
      </KEYS>
    </TABLE>
    <TABLE NAME="rscorm_aicc_session" COMMENT="Used by AICC HACP to store session information" PREVIOUS="rscorm_seq_rolluprulecond">
      <FIELDS>
        <FIELD NAME="id" TYPE="int" LENGTH="10" NOTNULL="true" SEQUENCE="true" NEXT="userid"/>
        <FIELD NAME="userid" TYPE="int" LENGTH="10" NOTNULL="true" DEFAULT="0" SEQUENCE="false" COMMENT="id from user table" PREVIOUS="id" NEXT="scormid"/>
        <FIELD NAME="scormid" TYPE="int" LENGTH="10" NOTNULL="true" DEFAULT="0" SEQUENCE="false" COMMENT="id from rscorm table" PREVIOUS="userid" NEXT="hacpsession"/>
        <FIELD NAME="hacpsession" TYPE="char" LENGTH="255" NOTNULL="true" SEQUENCE="false" COMMENT="sessionid used to authenticate AICC HACP communication" PREVIOUS="scormid" NEXT="scoid"/>
        <FIELD NAME="scoid" TYPE="int" LENGTH="10" NOTNULL="false" DEFAULT="0" SEQUENCE="false" COMMENT="id from rscorm_scoes table" PREVIOUS="hacpsession" NEXT="scormmode"/>
        <FIELD NAME="scormmode" TYPE="char" LENGTH="50" NOTNULL="false" SEQUENCE="false" PREVIOUS="scoid" NEXT="scormstatus"/>
        <FIELD NAME="scormstatus" TYPE="char" LENGTH="255" NOTNULL="false" SEQUENCE="false" PREVIOUS="scormmode" NEXT="attempt"/>
        <FIELD NAME="attempt" TYPE="int" LENGTH="10" NOTNULL="false" SEQUENCE="false" PREVIOUS="scormstatus" NEXT="lessonstatus"/>
        <FIELD NAME="lessonstatus" TYPE="char" LENGTH="255" NOTNULL="false" SEQUENCE="false" PREVIOUS="attempt" NEXT="sessiontime"/>
        <FIELD NAME="sessiontime" TYPE="char" LENGTH="255" NOTNULL="false" SEQUENCE="false" PREVIOUS="lessonstatus" NEXT="timecreated"/>
        <FIELD NAME="timecreated" TYPE="int" LENGTH="10" NOTNULL="true" DEFAULT="0" SEQUENCE="false" COMMENT="time this session was created" PREVIOUS="sessiontime" NEXT="timemodified"/>
        <FIELD NAME="timemodified" TYPE="int" LENGTH="10" NOTNULL="true" DEFAULT="0" SEQUENCE="false" COMMENT="time this session was last used" PREVIOUS="timecreated"/>
      </FIELDS>
      <KEYS>
        <KEY NAME="primary" TYPE="primary" FIELDS="id" NEXT="scormid"/>
        <KEY NAME="scormid" TYPE="foreign" FIELDS="scormid" REFTABLE="rscorm" REFFIELDS="id" PREVIOUS="primary" NEXT="userid"/>
        <KEY NAME="userid" TYPE="foreign" FIELDS="userid" REFTABLE="user" REFFIELDS="id" PREVIOUS="scormid"/>
      </KEYS>
    </TABLE>
  </TABLES>
</XMLDB>