<?xml version="1.0" encoding="UTF-8" ?>
<XMLDB PATH="mod/rcontent/db" COMMENT="" VERSION="2013030500" xmlns:xsi="http://www.w3.org/2001/XMLSchema-instance" xsi:noNamespaceSchemaLocation="../../../lib/xmldb/xmldb.xsd">
<!--
rcontent
id BIGINT(10) UNSIGNED NOT NULL AUTO_INCREMENT,
course BIGINT(10) UNSIGNED NOT NULL,
name VARCHAR(255) CHARACTER SET 'utf8' COLLATE 'utf8_general_ci' NOT NULL,
isbn VARCHAR(255) CHARACTER SET 'utf8' COLLATE 'utf8_general_ci' NOT NULL,
unitid VARCHAR(255) CHARACTER SET 'utf8' COLLATE 'utf8_general_ci' NOT NULL,
activityid VARCHAR(255) CHARACTER SET 'utf8' COLLATE 'utf8_general_ci' NOT NULL,
popup varchar(255)  CHARACTER SET 'utf8' COLLATE 'utf8_general_ci' NOT NULL,
frame varchar(255)  CHARACTER SET 'utf8' COLLATE 'utf8_general_ci' NOT NULL,
popup_options  text  CHARACTER SET 'utf8' COLLATE 'utf8_general_ci' NOT NULL,
summary text CHARACTER SET 'utf8' COLLATE 'utf8_general_ci' NOT NULL,
width
height
timemodified  bigint(10) BIGINT(10) UNSIGNED NOT NULL,
timecreated BIGINT(10) UNSIGNED NOT NULL,
PRIMARY KEY(`id`), 
-->
<TABLES>
	<TABLE NAME="rcontent" COMMENT="" NEXT="rcontent_grades" >
		<FIELDS>
			<FIELD NAME="id" TYPE="int" LENGTH="10" NOTNULL="true" UNSIGNED="true" SEQUENCE="true"  NEXT="course" COMMENT=""/>
			<FIELD NAME="course" TYPE="int" LENGTH="10" NOTNULL="true" UNSIGNED="true" DEFAULT="0" SEQUENCE="false"  PREVIOUS="id" NEXT="name" COMMENT=""/>
			<FIELD NAME="name" TYPE="char" LENGTH="255" NOTNULL="true" SEQUENCE="false"  PREVIOUS="course" NEXT="summary" COMMENT=""/>
			<FIELD NAME="summary" TYPE="text" LENGTH="small" NOTNULL="true" SEQUENCE="false"  PREVIOUS="name" NEXT="levelid" COMMENT=""/>
			<FIELD NAME="levelid" TYPE="int" LENGTH="10" NOTNULL="true" UNSIGNED="true" DEFAULT="0" SEQUENCE="false"  PREVIOUS="summary" NEXT="bookid" COMMENT=""/>
			<FIELD NAME="bookid" TYPE="int" LENGTH="10" NOTNULL="true" DEFAULT="0" SEQUENCE="false"  PREVIOUS="levelid" NEXT="unitid" COMMENT=""/>
			<FIELD NAME="unitid" TYPE="int" LENGTH="10" NOTNULL="true" UNSIGNED="true" DEFAULT="0" SEQUENCE="false"  PREVIOUS="bookid" NEXT="activityid" COMMENT=""/>
			<FIELD NAME="activityid" TYPE="int" LENGTH="10" NOTNULL="true" UNSIGNED="true" DEFAULT="0" SEQUENCE="false"  PREVIOUS="unitid" NEXT="whatgrade" COMMENT=""/>
            <FIELD NAME="whatgrade" TYPE="int" LENGTH="10" NOTNULL="true" UNSIGNED="false" DEFAULT="0" SEQUENCE="false"  PREVIOUS="activityid" NEXT="popup"/>
			<FIELD NAME="popup" TYPE="char" LENGTH="255" NOTNULL="true" SEQUENCE="false"  PREVIOUS="whatgrade" NEXT="popup_options" COMMENT=""/>
			<FIELD NAME="popup_options" TYPE="char"  LENGTH="255" NOTNULL="true" SEQUENCE="false"  PREVIOUS="popup" NEXT="frame" COMMENT=""/>           
			<FIELD NAME="frame" TYPE="char"  LENGTH="255" NOTNULL="true" SEQUENCE="false"  PREVIOUS="popup_options" NEXT="width" COMMENT=""/>           
			<FIELD NAME="width" TYPE="char" LENGTH="10" NOTNULL="true" UNSIGNED="true" DEFAULT="100%" SEQUENCE="false"  PREVIOUS="frame" NEXT="height"/>
			<FIELD NAME="height" TYPE="int" LENGTH="10" NOTNULL="true" UNSIGNED="true" DEFAULT="600" SEQUENCE="false"  PREVIOUS="width" NEXT="timecreated"/>
			<FIELD NAME="timecreated" TYPE="int" LENGTH="10" NOTNULL="true" UNSIGNED="true" DEFAULT="0" SEQUENCE="false"  PREVIOUS="height" NEXT="timemodified" COMMENT=""/>
			<FIELD NAME="timemodified" TYPE="int" LENGTH="10" NOTNULL="true" UNSIGNED="true" DEFAULT="0" SEQUENCE="false"  PREVIOUS="timecreated" COMMENT=""/>
		</FIELDS>
		<KEYS>
			<KEY NAME="primary" TYPE="primary" FIELDS="id" />
		</KEYS>

	</TABLE>
        
<!--        
rcontent_grades
id
idusuario- iduser
idContenidoLMS- idrcontent
idUnidad - idunit
idActividad - idactivity
Calificacion- grade
MinCalificacion mingrade
MaxCalificacion maxgrade
Intentos attempts
MaxIntentos maxattempts
FechaHoraInicio starttime
Duración: totaltime
MaxDuracion - maxtotaltime
Estado   status (incomplete, completed, no_attempted, solved-correct-passed, unsolved-wrong-failed)
Observaciones  comments
URLVerResultado URLViewResults
timemodified  bigint(10) BIGINT(10) UNSIGNED NOT NULL,
timecreated BIGINT(10) UNSIGNED NOT NULL,
SumaPesos sumweights-->

<TABLE NAME="rcontent_grades" COMMENT="" NEXT="rcontent_grades_details" PREVIOUS="rcontent">
	<FIELDS>
		<FIELD NAME="id" TYPE="int" LENGTH="10" NOTNULL="true" UNSIGNED="true" SEQUENCE="true"  NEXT="userid" COMMENT=""/>
		<FIELD NAME="userid" TYPE="int" LENGTH="10" DEFAULT="0" NOTNULL="true" UNSIGNED="true" SEQUENCE="false"  NEXT="rcontentid" PREVIOUS="id" COMMENT=""/>
		<FIELD NAME="rcontentid" TYPE="int" LENGTH="10" DEFAULT="0" NOTNULL="true" UNSIGNED="true" SEQUENCE="false"  NEXT="unitid" PREVIOUS="userid" COMMENT=""/>
		<FIELD NAME="unitid" TYPE="int" LENGTH="10" DEFAULT="0" NOTNULL="true" UNSIGNED="true" SEQUENCE="false"  NEXT="activityid" PREVIOUS="rcontentid" COMMENT=""/>
		<FIELD NAME="activityid" TYPE="int" LENGTH="10" DEFAULT="0" NOTNULL="true" UNSIGNED="true" SEQUENCE="false"  NEXT="grade" PREVIOUS="unitid" COMMENT=""/>
		<FIELD NAME="grade" TYPE="float" NOTNULL="false" UNSIGNED="true" SEQUENCE="false"  NEXT="mingrade" PREVIOUS="activityid" COMMENT=""/>
		<FIELD NAME="mingrade" TYPE="float" DEFAULT="0" NOTNULL="true" UNSIGNED="true" SEQUENCE="false"  NEXT="maxgrade" PREVIOUS="grade" COMMENT=""/>
		<FIELD NAME="maxgrade" TYPE="float" DEFAULT="0" NOTNULL="true" UNSIGNED="true" SEQUENCE="false"  NEXT="attempt" PREVIOUS="mingrade" COMMENT=""/>
		<FIELD NAME="attempt" TYPE="int" LENGTH="10" NOTNULL="true" DEFAULT="0" UNSIGNED="true" SEQUENCE="false"  NEXT="maxattempts" PREVIOUS="maxgrade" COMMENT=""/>
		<FIELD NAME="maxattempts" TYPE="int" LENGTH="10" DEFAULT="0" NOTNULL="true" UNSIGNED="true" SEQUENCE="false"  NEXT="starttime" PREVIOUS="attempt" COMMENT=""/>
		<FIELD NAME="starttime" TYPE="int" LENGTH="10" NOTNULL="false" UNSIGNED="true" SEQUENCE="false"  NEXT="totaltime" PREVIOUS="maxattempts" COMMENT=""/>
		<FIELD NAME="totaltime" TYPE="int" LENGTH="10" NOTNULL="false" UNSIGNED="true" SEQUENCE="false"  NEXT="maxtotaltime" PREVIOUS="starttime" COMMENT=""/>
		<FIELD NAME="maxtotaltime" TYPE="int" LENGTH="10" NOTNULL="false" UNSIGNED="true" SEQUENCE="false"  NEXT="status" PREVIOUS="totaltime" COMMENT=""/>
		<FIELD NAME="status" TYPE="char" LENGTH="50" NOTNULL="true" UNSIGNED="true" SEQUENCE="false"  NEXT="comments" PREVIOUS="maxtotaltime" COMMENT=""/>
		<FIELD NAME="comments" TYPE="char" LENGTH="255" NOTNULL="false" UNSIGNED="true" SEQUENCE="false"  NEXT="urlviewresults" PREVIOUS="status" COMMENT=""/>
		<FIELD NAME="urlviewresults" TYPE="char" LENGTH="1024" NOTNULL="false" UNSIGNED="true" SEQUENCE="false"  NEXT="sumweights" PREVIOUS="comments" COMMENT=""/>
		<FIELD NAME="sumweights" TYPE="int" LENGTH="10" DEFAULT="0" NOTNULL="true" UNSIGNED="true" SEQUENCE="false"   PREVIOUS="urlviewresults" NEXT="timecreated" COMMENT=""/>
		<FIELD NAME="timecreated" TYPE="int" LENGTH="10" NOTNULL="true" UNSIGNED="true" DEFAULT="0" SEQUENCE="false"  PREVIOUS="sumweights" NEXT="timemodified"  COMMENT=""/>
		<FIELD NAME="timemodified" TYPE="int" LENGTH="10" NOTNULL="true" UNSIGNED="true" DEFAULT="0" SEQUENCE="false"  PREVIOUS="timecreated" COMMENT=""/>
	</FIELDS>
	 <KEYS>
		<KEY NAME="primary" TYPE="primary" FIELDS="id" />
	</KEYS>
</TABLE>
        
<!--
rcontent_grades_details
id
idusuario –iduser
idrcontent 
idUnidad idunit
idactividad idactivity
idDetalle iddetail
idTipoDetalle (competence o question) iddetailtype (true-false,Choice,fill-in,matching,performance,likert,sequencing,numeric)
Descripcion: description
Calificacion grade
MinCalificacion mingrade
MaxCalificacion maxgrade
FechaHoraInicio timestart
Duración totaltime
MaxDuracion - maxtotaltime
Intentos attempt
MaxIntentos maxattempts
Peso weight
URLVerResultados URLViewResults-->
        
        
<TABLE NAME="rcontent_grades_details" COMMENT="" PREVIOUS="rcontent_grades" NEXT="rcontent_track_credentials">
	<FIELDS>
		<FIELD NAME="id" TYPE="int" LENGTH="10" NOTNULL="true" UNSIGNED="true" SEQUENCE="true"  NEXT="userid" COMMENT=""/>
		<FIELD NAME="userid" TYPE="int" LENGTH="10" DEFAULT="0" NOTNULL="true" UNSIGNED="true" SEQUENCE="false"  NEXT="rcontentid" PREVIOUS="id" COMMENT=""/>
		<FIELD NAME="rcontentid" TYPE="int" LENGTH="10" DEFAULT="0" NOTNULL="true" UNSIGNED="false" SEQUENCE="false"  NEXT="unitid" PREVIOUS="userid" COMMENT=""/>
		<FIELD NAME="unitid" TYPE="int" LENGTH="10" DEFAULT="0" NOTNULL="true" UNSIGNED="true" SEQUENCE="false"  NEXT="activityid"  PREVIOUS="rcontentid" COMMENT=""/>
		<FIELD NAME="activityid" TYPE="int" LENGTH="10" DEFAULT="0" NOTNULL="true" UNSIGNED="true" SEQUENCE="false"  NEXT="code" PREVIOUS="unitid" COMMENT=""/>
		<FIELD NAME="code" TYPE="char" LENGTH="100" DEFAULT="0" NOTNULL="true" UNSIGNED="true" SEQUENCE="false"  NEXT="typeid" PREVIOUS="activityid" COMMENT=""  />
		<FIELD NAME="typeid" TYPE="char" LENGTH="100" DEFAULT="0" NOTNULL="true" UNSIGNED="true" SEQUENCE="false"  NEXT="description" PREVIOUS="code"  COMMENT=""/>
		<FIELD NAME="description" TYPE="char" LENGTH="255" NOTNULL="false" UNSIGNED="true" SEQUENCE="false"  NEXT="grade" PREVIOUS="typeid" COMMENT=""/>
		<FIELD NAME="grade" TYPE="float" NOTNULL="false" UNSIGNED="true" SEQUENCE="false"  NEXT="mingrade" PREVIOUS="description" COMMENT=""/>
		<FIELD NAME="mingrade" TYPE="float" NOTNULL="true" DEFAULT="0" UNSIGNED="true" SEQUENCE="false"  NEXT="maxgrade" PREVIOUS="grade" COMMENT=""/>
		<FIELD NAME="maxgrade" TYPE="float" NOTNULL="true" DEFAULT="0" UNSIGNED="true" SEQUENCE="false"  NEXT="starttime" PREVIOUS="mingrade" COMMENT=""/>
		<FIELD NAME="starttime" TYPE="int" LENGTH="10" NOTNULL="false" UNSIGNED="true" SEQUENCE="false"  NEXT="totaltime" PREVIOUS="maxgrade" COMMENT=""/>
		<FIELD NAME="totaltime" TYPE="int" LENGTH="10" NOTNULL="false" UNSIGNED="true" SEQUENCE="false"  NEXT="maxtotaltime" PREVIOUS="starttime" COMMENT=""/>
		<FIELD NAME="maxtotaltime" TYPE="int" LENGTH="10" NOTNULL="false" UNSIGNED="true" SEQUENCE="false"  NEXT="attempt" PREVIOUS="totaltime" COMMENT=""/>
		<FIELD NAME="attempt" TYPE="int" LENGTH="10" DEFAULT="0" NOTNULL="true" UNSIGNED="true" SEQUENCE="false"  NEXT="maxattempts" PREVIOUS="maxtotaltime" COMMENT=""/>
		<FIELD NAME="maxattempts" TYPE="int" LENGTH="10" DEFAULT="0" NOTNULL="true" UNSIGNED="true" SEQUENCE="false"  NEXT="weight" PREVIOUS="attempt" COMMENT=""/>
		<FIELD NAME="weight"  TYPE="int" LENGTH="10" DEFAULT="0" NOTNULL="true" UNSIGNED="true" SEQUENCE="false"  NEXT="urlviewresults" PREVIOUS="maxattempts" COMMENT=""/>
		<FIELD NAME="urlviewresults" TYPE="char" LENGTH="1024" NOTNULL="false" UNSIGNED="true" SEQUENCE="false"  PREVIOUS="weight" NEXT="timecreated" COMMENT=""/>
		<FIELD NAME="timecreated" TYPE="int" LENGTH="10" NOTNULL="true" UNSIGNED="true" DEFAULT="0" SEQUENCE="false"  PREVIOUS="urlviewresults" NEXT="timemodified" COMMENT=""/>
		<FIELD NAME="timemodified" TYPE="int" LENGTH="10" NOTNULL="true" UNSIGNED="true" DEFAULT="0" SEQUENCE="false"  PREVIOUS="timecreated" COMMENT=""/>
	</FIELDS>
	<KEYS>
		<KEY NAME="primary" TYPE="primary" FIELDS="id" />
	</KEYS>
</TABLE>   


<!--rcommon_track_credentials
id
contentprovider
username
password
timecreated
timemodified
-->
<TABLE NAME="rcontent_track_credentials" COMMENT="" PREVIOUS="rcontent_grades_details" >
      <FIELDS>
      <FIELD NAME="id" TYPE="int" LENGTH="10" NOTNULL="true" UNSIGNED="true" SEQUENCE="true"  NEXT="username" COMMENT=""/>
      <FIELD NAME="username" TYPE="char" LENGTH="255" NOTNULL="true" UNSIGNED="true" SEQUENCE="false"  NEXT="password" PREVIOUS="id" COMMENT=""/>
      <FIELD NAME="password" TYPE="char" LENGTH="255" NOTNULL="true" UNSIGNED="true" SEQUENCE="false"  NEXT="publisherid" PREVIOUS="username" COMMENT=""/>
      <FIELD NAME="publisherid" TYPE="int" LENGTH="10" NOTNULL="true" UNSIGNED="true" DEFAULT="0" SEQUENCE="false"  NEXT="timecreated" PREVIOUS="password" COMMENT=""/>
      <FIELD NAME="timecreated" TYPE="int" LENGTH="10" NOTNULL="true" UNSIGNED="true" DEFAULT="0" SEQUENCE="false"  PREVIOUS="publisherid" NEXT="timemodified" COMMENT=""/>
      <FIELD NAME="timemodified" TYPE="int" LENGTH="10" NOTNULL="true" UNSIGNED="true" DEFAULT="0" SEQUENCE="false"  PREVIOUS="timecreated" COMMENT=""/>
</FIELDS>
<KEYS>
    <KEY NAME="primary" TYPE="primary" FIELDS="id" />
</KEYS>
</TABLE>

     
</TABLES>
</XMLDB>

